ID,父ID,数据类型,数据地区,数据所属菜单,数据来源,数据描述,日期,更新时间,00:00,00:15,00:30,00:45,01:00,01:15,01:30,01:45,02:00,02:15,02:30,02:45,03:00,03:15,03:30,03:45,04:00,04:15,04:30,04:45,05:00,05:15,05:30,05:45,06:00,06:15,06:30,06:45,07:00,07:15,07:30,07:45,08:00,08:15,08:30,08:45,09:00,09:15,09:30,09:45,10:00,10:15,10:30,10:45,11:00,11:15,11:30,11:45,12:00,12:15,12:30,12:45,13:00,13:15,13:30,13:45,14:00,14:15,14:30,14:45,15:00,15:15,15:30,15:45,16:00,16:15,16:30,16:45,17:00,17:15,17:30,17:45,18:00,18:15,18:30,18:45,19:00,19:15,19:30,19:45,20:00,20:15,20:30,20:45,21:00,21:15,21:30,21:45,22:00,22:15,22:30,22:45,23:00,23:15,23:30,23:45,24:00
2038525596624052225,2038525580551479297,出清电力,江苏金智碳中和科技有限公司,江苏省交易中心数据-用户侧日前出清发布(公开),,,2026-03-15,Mon Mar 30 15:55:47 CST 2026,,,,,,,,,,,,,,,,,,,,,,,,,,,,,,,,,,,,,,,,,,,,,,,,,,,,,,,,,,,,,,,,,,,,,,,,,,,,,,,,,,,,,,,,,,,,,,,,,
2038565164068007938,2038565149597659137,出清电力,江苏金智碳中和科技有限公司,江苏省交易中心数据-用户侧日前出清发布(公开),,,2026-03-30,Mon Mar 30 23:32:58 CST 2026,,,,,,,,,,,,,,,,,,,,,,,,,,,,,,,,,,,,,,,,,,,,,,,,,,,,,,,,,,,,,,,,,,,,,,,,,,,,,,,,,,,,,,,,,,,,,,,,,
2038655822560653314,2038655807742177281,出清电力,江苏金智碳中和科技有限公司,江苏省交易中心数据-用户侧日前出清发布(公开),,,2026-03-31,Tue Mar 31 23:33:17 CST 2026,,,,,,,,,,,,,,,,,,,,,,,,,,,,,,,,,,,,,,,,,,,,,,,,,,,,,,,,,,,,,,,,,,,,,,,,,,,,,,,,,,,,,,,,,,,,,,,,,
2039018232790282242,2039018217812422658,出清电力,江苏金智碳中和科技有限公司,江苏省交易中心数据-用户侧日前出清发布(公开),,,2026-04-01,Wed Apr 01 23:33:24 CST 2026,,0.3,0.3,0.3,0.3,0.3,0.3,0.3,0.3,0.7,0.8,0.8,0.8,0.8,0.8,0.8,0.8,0.3,0.3,0.3,0.3,0.3,0.3,0.3,0.3,0.3,0.3,0.3,0.3,0.2,0.2,0.2,0.2,0.2,0.2,0.2,0.2,0.0,0.0,0.0,0.0,0.4,0.4,0.4,0.4,0.6,0.6,0.6,0.7,0.3,0.3,0.3,0.3,0.1,0.1,0.1,0.1,0.0,0.0,0.0,0.0,0.0,0.0,0.0,0.0,0.0,0.0,0.0,0.0,0.4,0.4,0.4,0.4,0.5,0.5,0.5,0.5,0.4,0.4,0.4,0.4,0.4,0.4,0.4,0.4,0.3,0.4,0.4,0.4,0.3,0.3,0.3,0.3,0.3,0.3,0.3,0.3
2039380605870960642,2039380590976987137,出清电力,江苏金智碳中和科技有限公司,江苏省交易中心数据-用户侧日前出清发布(公开),,,2026-04-02,Thu Apr 02 15:34:10 CST 2026,,0.3,0.3,0.3,0.3,0.3,0.3,0.3,0.3,0.7,0.8,0.8,0.8,0.8,0.8,0.8,0.8,0.3,0.3,0.3,0.3,0.3,0.3,0.3,0.3,0.3,0.3,0.3,0.3,0.2,0.2,0.2,0.2,0.2,0.2,0.2,0.2,0.0,0.0,0.0,0.0,0.4,0.4,0.4,0.4,0.6,0.6,0.6,0.7,0.3,0.3,0.3,0.3,0.1,0.1,0.1,0.1,0.0,0.0,0.0,0.0,0.0,0.0,0.0,0.0,0.0,0.0,0.0,0.0,0.4,0.4,0.4,0.4,0.5,0.5,0.5,0.5,0.4,0.4,0.4,0.4,0.4,0.4,0.4,0.4,0.3,0.4,0.4,0.4,0.3,0.3,0.3,0.3,0.3,0.3,0.3,0.3
2041736227039899650,2041736212045262850,出清电力,江苏金智碳中和科技有限公司,江苏省交易中心数据-用户侧日前出清发布(公开),,,2026-04-08,Wed Apr 08 23:33:40 CST 2026,,0.3,0.3,0.3,0.3,0.3,0.3,0.3,0.3,0.7,0.8,0.8,0.8,0.8,0.8,0.8,0.8,0.3,0.3,0.3,0.3,0.3,0.3,0.3,0.3,0.3,0.3,0.3,0.3,0.2,0.2,0.2,0.2,0.2,0.2,0.2,0.2,0.0,0.0,0.0,0.0,0.4,0.4,0.4,0.4,0.6,0.6,0.6,0.7,0.3,0.3,0.3,0.3,0.1,0.1,0.1,0.1,0.0,0.0,0.0,0.0,0.0,0.0,0.0,0.0,0.0,0.0,0.0,0.0,0.4,0.4,0.4,0.4,0.5,0.5,0.5,0.5,0.4,0.4,0.4,0.4,0.4,0.4,0.4,0.4,0.3,0.4,0.4,0.4,0.3,0.3,0.3,0.3,0.3,0.3,0.3,0.3
2041917437892521986,2041917422637838337,出清电力,江苏金智碳中和科技有限公司,江苏省交易中心数据-用户侧日前出清发布(公开),,,2026-04-09,Thu Apr 09 13:34:07 CST 2026,,0.3,0.3,0.3,0.3,0.3,0.3,0.3,0.3,0.7,0.8,0.8,0.8,0.8,0.8,0.8,0.8,0.3,0.3,0.3,0.3,0.3,0.3,0.3,0.3,0.3,0.3,0.3,0.3,0.2,0.2,0.2,0.2,0.2,0.2,0.2,0.2,0.0,0.0,0.0,0.0,0.4,0.4,0.4,0.4,0.6,0.6,0.6,0.7,0.3,0.3,0.3,0.3,0.1,0.1,0.1,0.1,0.0,0.0,0.0,0.0,0.0,0.0,0.0,0.0,0.0,0.0,0.0,0.0,0.4,0.4,0.4,0.4,0.5,0.5,0.5,0.5,0.4,0.4,0.4,0.4,0.4,0.4,0.4,0.4,0.3,0.4,0.4,0.4,0.3,0.3,0.3,0.3,0.3,0.3,0.3,0.3
2042491290729476098,2042491275609010177,出清电力,江苏金智碳中和科技有限公司,江苏省交易中心数据-用户侧日前出清发布(公开),,,2026-04-10,Fri Apr 10 23:33:49 CST 2026,,0.3,0.3,0.3,0.3,0.3,0.3,0.3,0.3,0.7,0.8,0.8,0.8,0.8,0.8,0.8,0.8,0.3,0.3,0.3,0.3,0.3,0.3,0.3,0.3,0.3,0.3,0.3,0.3,0.2,0.2,0.2,0.2,0.2,0.2,0.2,0.2,0.0,0.0,0.0,0.0,0.4,0.4,0.4,0.4,0.6,0.6,0.6,0.7,0.3,0.3,0.3,0.3,0.1,0.1,0.1,0.1,0.0,0.0,0.0,0.0,0.0,0.0,0.0,0.0,0.0,0.0,0.0,0.0,0.4,0.4,0.4,0.4,0.5,0.5,0.5,0.5,0.4,0.4,0.4,0.4,0.4,0.4,0.4,0.4,0.3,0.4,0.4,0.4,0.3,0.3,0.3,0.3,0.3,0.3,0.3,0.3
2042642225875283969,2042642210540908546,出清电力,江苏金智碳中和科技有限公司,江苏省交易中心数据-用户侧日前出清发布(公开),,,2026-04-11,Sat Apr 11 23:34:03 CST 2026,,0.3,0.3,0.3,0.3,0.3,0.3,0.3,0.3,0.7,0.8,0.8,0.8,0.8,0.8,0.8,0.8,0.3,0.3,0.3,0.3,0.3,0.3,0.3,0.3,0.3,0.3,0.3,0.3,0.2,0.2,0.2,0.2,0.2,0.2,0.2,0.2,0.0,0.0,0.0,0.0,0.4,0.4,0.4,0.4,0.6,0.6,0.6,0.7,0.3,0.3,0.3,0.3,0.1,0.1,0.1,0.1,0.0,0.0,0.0,0.0,0.0,0.0,0.0,0.0,0.0,0.0,0.0,0.0,0.4,0.4,0.4,0.4,0.5,0.5,0.5,0.5,0.4,0.4,0.4,0.4,0.4,0.4,0.4,0.4,0.3,0.4,0.4,0.4,0.3,0.3,0.3,0.3,0.3,0.3,0.3,0.3
2043004619185090561,2043004603926212610,出清电力,江苏金智碳中和科技有限公司,江苏省交易中心数据-用户侧日前出清发布(公开),,,2026-04-12,Sun Apr 12 23:33:46 CST 2026,,0.3,0.3,0.3,0.3,0.3,0.3,0.3,0.3,0.7,0.8,0.8,0.8,0.8,0.8,0.8,0.8,0.3,0.3,0.3,0.3,0.3,0.3,0.3,0.3,0.3,0.3,0.3,0.3,0.2,0.2,0.2,0.2,0.2,0.2,0.2,0.2,0.0,0.0,0.0,0.0,0.4,0.4,0.4,0.4,0.6,0.6,0.6,0.7,0.3,0.3,0.3,0.3,0.1,0.1,0.1,0.1,0.0,0.0,0.0,0.0,0.0,0.0,0.0,0.0,0.0,0.0,0.0,0.0,0.4,0.4,0.4,0.4,0.5,0.5,0.5,0.5,0.4,0.4,0.4,0.4,0.4,0.4,0.4,0.4,0.3,0.4,0.4,0.4,0.3,0.3,0.3,0.3,0.3,0.3,0.3,0.3
2043367007751139330,2043366992475484161,出清电力,江苏金智碳中和科技有限公司,江苏省交易中心数据-用户侧日前出清发布(公开),,,2026-04-13,Mon Apr 13 23:34:01 CST 2026,,0.3,0.3,0.3,0.3,0.3,0.3,0.3,0.3,0.7,0.8,0.8,0.8,0.8,0.8,0.8,0.8,0.3,0.3,0.3,0.3,0.3,0.3,0.3,0.3,0.3,0.3,0.3,0.3,0.2,0.2,0.2,0.2,0.2,0.2,0.2,0.2,0.0,0.0,0.0,0.0,0.4,0.4,0.4,0.4,0.6,0.6,0.6,0.7,0.3,0.3,0.3,0.3,0.1,0.1,0.1,0.1,0.0,0.0,0.0,0.0,0.0,0.0,0.0,0.0,0.0,0.0,0.0,0.0,0.4,0.4,0.4,0.4,0.5,0.5,0.5,0.5,0.4,0.4,0.4,0.4,0.4,0.4,0.4,0.4,0.3,0.4,0.4,0.4,0.3,0.3,0.3,0.3,0.3,0.3,0.3,0.3
2043729416693116929,2043729401404878850,出清电力,江苏金智碳中和科技有限公司,江苏省交易中心数据-用户侧日前出清发布(公开),,,2026-04-14,Tue Apr 14 23:34:05 CST 2026,,0.3,0.3,0.3,0.3,0.3,0.3,0.3,0.3,0.7,0.8,0.8,0.8,0.8,0.8,0.8,0.8,0.3,0.3,0.3,0.3,0.3,0.3,0.3,0.3,0.3,0.3,0.3,0.3,0.2,0.2,0.2,0.2,0.2,0.2,0.2,0.2,0.0,0.0,0.0,0.0,0.4,0.4,0.4,0.4,0.6,0.6,0.6,0.7,0.3,0.3,0.3,0.3,0.1,0.1,0.1,0.1,0.0,0.0,0.0,0.0,0.0,0.0,0.0,0.0,0.0,0.0,0.0,0.0,0.4,0.4,0.4,0.4,0.5,0.5,0.5,0.5,0.4,0.4,0.4,0.4,0.4,0.4,0.4,0.4,0.3,0.4,0.4,0.4,0.3,0.3,0.3,0.3,0.3,0.3,0.3,0.3
2044091808195252226,2044091792844099586,出清电力,江苏金智碳中和科技有限公司,江苏省交易中心数据-用户侧日前出清发布(公开),,,2026-04-15,Wed Apr 15 23:33:58 CST 2026,,0.3,0.3,0.3,0.3,0.3,0.3,0.3,0.3,0.7,0.8,0.8,0.8,0.8,0.8,0.8,0.8,0.3,0.3,0.3,0.3,0.3,0.3,0.3,0.3,0.3,0.3,0.3,0.3,0.2,0.2,0.2,0.2,0.2,0.2,0.2,0.2,0.0,0.0,0.0,0.0,0.4,0.4,0.4,0.4,0.6,0.6,0.6,0.7,0.3,0.3,0.3,0.3,0.1,0.1,0.1,0.1,0.0,0.0,0.0,0.0,0.0,0.0,0.0,0.0,0.0,0.0,0.0,0.0,0.4,0.4,0.4,0.4,0.5,0.5,0.5,0.5,0.4,0.4,0.4,0.4,0.4,0.4,0.4,0.4,0.3,0.4,0.4,0.4,0.3,0.3,0.3,0.3,0.3,0.3,0.3,0.3
2044454225416785922,2044454209918832641,出清电力,江苏金智碳中和科技有限公司,江苏省交易中心数据-用户侧日前出清发布(公开),,,2026-04-16,Thu Apr 16 23:34:04 CST 2026,,0.3,0.3,0.3,0.3,0.3,0.3,0.3,0.3,0.5,0.5,0.5,0.5,0.4,0.5,0.4,0.5,0.3,0.3,0.3,0.3,0.3,0.3,0.3,0.3,0.2,0.2,0.2,0.2,0.2,0.2,0.2,0.2,0.1,0.1,0.1,0.1,0.1,0.1,0.1,0.1,0.2,0.2,0.2,0.2,0.4,0.4,0.4,0.4,0.3,0.3,0.3,0.3,0.3,0.3,0.3,0.3,0.3,0.3,0.3,0.3,0.1,0.1,0.1,0.1,0.2,0.2,0.2,0.2,0.3,0.3,0.3,0.3,0.3,0.3,0.3,0.3,0.3,0.3,0.3,0.3,0.3,0.3,0.3,0.3,0.3,0.3,0.3,0.3,0.3,0.3,0.3,0.3,0.3,0.3,0.3,0.3
2044816629673725953,2044816614184161281,出清电力,江苏金智碳中和科技有限公司,江苏省交易中心数据-用户侧日前出清发布(公开),,,2026-04-17,Fri Apr 17 23:34:10 CST 2026,,0.3,0.3,0.3,0.3,0.3,0.3,0.3,0.3,0.5,0.5,0.5,0.5,0.4,0.5,0.4,0.5,0.3,0.3,0.3,0.3,0.3,0.3,0.3,0.3,0.2,0.2,0.2,0.2,0.2,0.2,0.2,0.2,0.1,0.1,0.1,0.1,0.1,0.1,0.1,0.1,0.2,0.2,0.2,0.2,0.4,0.4,0.4,0.4,0.3,0.3,0.3,0.3,0.3,0.3,0.3,0.3,0.3,0.3,0.3,0.3,0.1,0.1,0.1,0.1,0.2,0.2,0.2,0.2,0.3,0.3,0.3,0.3,0.3,0.3,0.3,0.3,0.3,0.3,0.3,0.3,0.3,0.3,0.3,0.3,0.3,0.3,0.3,0.3,0.3,0.3,0.3,0.3,0.3,0.3,0.3,0.3
2045179029002289153,2045179013621776386,出清电力,江苏金智碳中和科技有限公司,江苏省交易中心数据-用户侧日前出清发布(公开),,,2026-04-18,Sat Apr 18 23:34:09 CST 2026,,0.3,0.3,0.3,0.3,0.2,0.2,0.2,0.3,0.7,0.7,0.7,0.7,0.7,0.7,0.7,0.7,0.3,0.3,0.3,0.3,0.2,0.2,0.2,0.2,0.2,0.2,0.2,0.2,0.0,0.0,0.0,0.0,0.0,0.0,0.0,0.0,0.0,0.0,0.0,0.0,0.2,0.2,0.2,0.2,0.2,0.2,0.2,0.2,0.0,0.0,0.0,0.0,0.0,0.0,0.0,0.0,0.0,0.1,0.1,0.1,0.0,0.0,0.0,0.0,0.0,0.0,0.0,0.0,0.2,0.3,0.3,0.3,0.3,0.3,0.3,0.3,0.3,0.3,0.3,0.3,0.3,0.3,0.3,0.3,0.3,0.3,0.3,0.3,0.3,0.3,0.3,0.3,0.3,0.3,0.3,0.3
2045541448375500801,2045541432936267777,出清电力,江苏金智碳中和科技有限公司,江苏省交易中心数据-用户侧日前出清发布(公开),,,2026-04-19,Sun Apr 19 23:34:07 CST 2026,,0.3,0.3,0.3,0.3,0.2,0.2,0.2,0.3,0.7,0.7,0.7,0.7,0.7,0.7,0.7,0.7,0.3,0.3,0.3,0.3,0.2,0.2,0.2,0.2,0.2,0.2,0.2,0.2,0.0,0.0,0.0,0.0,0.0,0.0,0.0,0.0,0.0,0.0,0.0,0.0,0.2,0.2,0.2,0.2,0.2,0.2,0.2,0.2,0.0,0.0,0.0,0.0,0.0,0.0,0.0,0.0,0.0,0.1,0.1,0.1,0.0,0.0,0.0,0.0,0.0,0.0,0.0,0.0,0.2,0.3,0.3,0.3,0.3,0.3,0.3,0.3,0.3,0.3,0.3,0.3,0.3,0.3,0.3,0.3,0.3,0.3,0.3,0.3,0.3,0.3,0.3,0.3,0.3,0.3,0.3,0.3
2045903810207055874,2045903794637799426,出清电力,江苏金智碳中和科技有限公司,江苏省交易中心数据-用户侧日前出清发布(公开),,,2026-04-20,Mon Apr 20 23:34:16 CST 2026,,0.3,0.3,0.3,0.3,0.3,0.3,0.3,0.3,0.7,0.8,0.8,0.8,0.8,0.8,0.8,0.8,0.3,0.3,0.3,0.3,0.3,0.3,0.3,0.3,0.3,0.3,0.3,0.3,0.2,0.2,0.2,0.2,0.2,0.2,0.2,0.2,0.0,0.0,0.0,0.0,0.4,0.4,0.4,0.4,0.6,0.6,0.6,0.7,0.3,0.3,0.3,0.3,0.1,0.1,0.1,0.1,0.0,0.0,0.0,0.0,0.0,0.0,0.0,0.0,0.0,0.0,0.0,0.0,0.4,0.4,0.4,0.4,0.5,0.5,0.5,0.5,0.4,0.4,0.4,0.4,0.4,0.4,0.4,0.4,0.3,0.4,0.4,0.4,0.3,0.3,0.3,0.3,0.3,0.3,0.3,0.3
2046266217475506178,2046266201893666818,出清电力,江苏金智碳中和科技有限公司,江苏省交易中心数据-用户侧日前出清发布(公开),,,2026-04-21,Tue Apr 21 23:34:11 CST 2026,,0.3,0.3,0.3,0.3,0.3,0.3,0.3,0.3,0.7,0.8,0.8,0.8,0.8,0.8,0.8,0.8,0.3,0.3,0.3,0.3,0.3,0.3,0.3,0.3,0.3,0.3,0.3,0.3,0.2,0.2,0.2,0.2,0.2,0.2,0.2,0.2,0.0,0.0,0.0,0.0,0.4,0.4,0.4,0.4,0.6,0.6,0.6,0.7,0.3,0.3,0.3,0.3,0.1,0.1,0.1,0.1,0.0,0.0,0.0,0.0,0.0,0.0,0.0,0.0,0.0,0.0,0.0,0.0,0.4,0.4,0.4,0.4,0.5,0.5,0.5,0.5,0.4,0.4,0.4,0.4,0.4,0.4,0.4,0.4,0.3,0.4,0.4,0.4,0.3,0.3,0.3,0.3,0.3,0.3,0.3,0.3
2046628615378112513,2046628599741747201,出清电力,江苏金智碳中和科技有限公司,江苏省交易中心数据-用户侧日前出清发布(公开),,,2026-04-22,Wed Apr 22 23:34:13 CST 2026,,0.3,0.3,0.3,0.3,0.3,0.3,0.3,0.3,0.7,0.8,0.8,0.8,0.8,0.8,0.8,0.8,0.3,0.3,0.3,0.3,0.3,0.3,0.3,0.3,0.3,0.3,0.3,0.3,0.2,0.2,0.2,0.2,0.2,0.2,0.2,0.2,0.0,0.0,0.0,0.0,0.4,0.4,0.4,0.4,0.6,0.6,0.6,0.7,0.3,0.3,0.3,0.3,0.1,0.1,0.1,0.1,0.0,0.0,0.0,0.0,0.0,0.0,0.0,0.0,0.0,0.0,0.0,0.0,0.4,0.4,0.4,0.4,0.5,0.5,0.5,0.5,0.4,0.4,0.4,0.4,0.4,0.4,0.4,0.4,0.3,0.4,0.4,0.4,0.3,0.3,0.3,0.3,0.3,0.3,0.3,0.3
2046990984780386306,2046990969055940609,出清电力,江苏金智碳中和科技有限公司,江苏省交易中心数据-用户侧日前出清发布(公开),,,2026-04-23,Thu Apr 23 23:34:17 CST 2026,,0.3,0.3,0.3,0.3,0.3,0.3,0.3,0.3,0.7,0.8,0.8,0.8,0.8,0.8,0.8,0.8,0.3,0.3,0.3,0.3,0.3,0.3,0.3,0.3,0.3,0.3,0.3,0.3,0.2,0.2,0.2,0.2,0.2,0.2,0.2,0.2,0.0,0.0,0.0,0.0,0.4,0.4,0.4,0.4,0.6,0.6,0.6,0.7,0.3,0.3,0.3,0.3,0.1,0.1,0.1,0.1,0.0,0.0,0.0,0.0,0.0,0.0,0.0,0.0,0.0,0.0,0.0,0.0,0.4,0.4,0.4,0.4,0.5,0.5,0.5,0.5,0.4,0.4,0.4,0.4,0.4,0.4,0.4,0.4,0.3,0.4,0.4,0.4,0.3,0.3,0.3,0.3,0.3,0.3,0.3,0.3
2047353440073617410,2047353424374337538,出清电力,江苏金智碳中和科技有限公司,江苏省交易中心数据-用户侧日前出清发布(公开),,,2026-04-24,Fri Apr 24 23:34:21 CST 2026,,0.3,0.3,0.3,0.3,0.3,0.3,0.3,0.3,0.7,0.8,0.8,0.8,0.8,0.8,0.8,0.8,0.3,0.3,0.3,0.3,0.3,0.3,0.3,0.3,0.3,0.3,0.3,0.3,0.2,0.2,0.2,0.2,0.2,0.2,0.2,0.2,0.0,0.0,0.0,0.0,0.4,0.4,0.4,0.4,0.6,0.6,0.6,0.7,0.3,0.3,0.3,0.3,0.1,0.1,0.1,0.1,0.0,0.0,0.0,0.0,0.0,0.0,0.0,0.0,0.0,0.0,0.0,0.0,0.4,0.4,0.4,0.4,0.5,0.5,0.5,0.5,0.4,0.4,0.4,0.4,0.4,0.4,0.4,0.4,0.3,0.4,0.4,0.4,0.3,0.3,0.3,0.3,0.3,0.3,0.3,0.3
2047715778752614401,2047715763053334529,出清电力,江苏金智碳中和科技有限公司,江苏省交易中心数据-用户侧日前出清发布(公开),,,2026-04-25,Sat Apr 25 23:34:30 CST 2026,,0.3,0.3,0.3,0.3,0.3,0.3,0.3,0.3,0.7,0.8,0.8,0.8,0.8,0.8,0.8,0.8,0.3,0.3,0.3,0.3,0.3,0.3,0.3,0.3,0.3,0.3,0.3,0.3,0.2,0.2,0.2,0.2,0.2,0.2,0.2,0.2,0.0,0.0,0.0,0.0,0.4,0.4,0.4,0.4,0.6,0.6,0.6,0.7,0.3,0.3,0.3,0.3,0.1,0.1,0.1,0.1,0.0,0.0,0.0,0.0,0.0,0.0,0.0,0.0,0.0,0.0,0.0,0.0,0.4,0.4,0.4,0.4,0.5,0.5,0.5,0.5,0.4,0.4,0.4,0.4,0.4,0.4,0.4,0.4,0.3,0.4,0.4,0.4,0.3,0.3,0.3,0.3,0.3,0.3,0.3,0.3
2048078174851633153,2048078159299153922,出清电力,江苏金智碳中和科技有限公司,江苏省交易中心数据-用户侧日前出清发布(公开),,,2026-04-26,Sun Apr 26 08:34:43 CST 2026,,0.3,0.3,0.3,0.3,0.3,0.3,0.3,0.3,0.7,0.8,0.8,0.8,0.8,0.8,0.8,0.8,0.3,0.3,0.3,0.3,0.3,0.3,0.3,0.3,0.3,0.3,0.3,0.3,0.2,0.2,0.2,0.2,0.2,0.2,0.2,0.2,0.0,0.0,0.0,0.0,0.4,0.4,0.4,0.4,0.6,0.6,0.6,0.7,0.3,0.3,0.3,0.3,0.1,0.1,0.1,0.1,0.0,0.0,0.0,0.0,0.0,0.0,0.0,0.0,0.0,0.0,0.0,0.0,0.4,0.4,0.4,0.4,0.5,0.5,0.5,0.5,0.4,0.4,0.4,0.4,0.4,0.4,0.4,0.4,0.3,0.4,0.4,0.4,0.3,0.3,0.3,0.3,0.3,0.3,0.3,0.3
2072254583239102465,2072254567309135873,出清电力,江苏金智碳中和科技有限公司,江苏省交易中心数据-用户侧日前出清发布(公开),,,2026-07-01,Wed Jul 01 19:42:03 CST 2026,,0.6,0.6,0.6,0.6,0.6,0.6,0.6,0.6,0.4,0.4,0.4,0.4,0.3,0.3,0.3,0.3,0.3,0.3,0.3,0.3,0.3,0.3,0.3,0.3,0.3,0.3,0.3,0.3,0.3,0.3,0.3,0.3,0.4,0.4,0.4,0.4,0.3,0.3,0.3,0.3,0.5,0.5,0.5,0.5,0.8,0.8,0.8,0.8,0.8,0.8,0.8,0.8,0.5,0.5,0.5,0.5,0.4,0.4,0.4,0.4,0.4,0.4,0.4,0.4,0.6,0.6,0.6,0.6,0.6,0.6,0.6,0.6,0.6,0.6,0.6,0.6,0.5,0.5,0.5,0.5,0.4,0.4,0.4,0.4,0.4,0.4,0.4,0.4,0.3,0.4,0.3,0.4,0.3,0.3,0.3,0.3
